preset,config_hash,label,options_json,n_problems,n_solved,reliability,cum_cpu_time,combined_score,status_counts_json
filtersqp,478ce0be3325,baseline-filtersqp,"{""constraint_relaxation_strategy"": ""feasibility_restoration"", ""globalization_mechanism"": ""TR"", ""globalization_strategy"": ""fletcher_filter_method"", ""hessian_model"": ""exact"", ""inequality_handling_method"": ""inequality_constrained"", ""inertia_correction_strategy"": ""none""}",425,402,0.945882,45.6932,0.969727,"{""solved"": 402, ""unsolved"": 21, ""crash"": 1, ""timeout"": 1}"
ipopt,bbe3df80208a,baseline-ipopt,"{""constraint_relaxation_strategy"": ""feasibility_restoration"", ""globalization_mechanism"": ""LS"", ""globalization_strategy"": ""waechter_filter_method"", ""hessian_model"": ""exact"", ""inequality_handling_method"": ""interior_point"", ""inertia_correction_strategy"": ""primal_dual""}",425,361,0.849412,34.6027,0.891741,"{""solved"": 361, ""unsolved"": 64}"
funnelsqp,4aa64c954a5f,baseline-funnelsqp,"{""constraint_relaxation_strategy"": ""feasibility_restoration"", ""globalization_mechanism"": ""TR"", ""globalization_strategy"": ""funnel_method"", ""hessian_model"": ""exact"", ""inequality_handling_method"": ""inequality_constrained"", ""inertia_correction_strategy"": ""none""}",425,401,0.943529,45.9334,0.966974,"{""solved"": 401, ""unsolved"": 22, ""crash"": 1, ""timeout"": 1}"
filterslp,fc180089f96a,baseline-filterslp,"{""constraint_relaxation_strategy"": ""feasibility_restoration"", ""globalization_mechanism"": ""TR"", ""globalization_strategy"": ""fletcher_filter_method"", ""hessian_model"": ""zero"", ""inequality_handling_method"": ""inequality_constrained"", ""inertia_correction_strategy"": ""none""}",425,267,0.628235,60.6692,0.628235,"{""unsolved"": 157, ""solved"": 267, ""crash"": 1}"
custom,77159ce568fb,ga,"{""constraint_relaxation_strategy"": ""feasibility_restoration"", ""globalization_mechanism"": ""TR"", ""globalization_strategy"": ""merit_function"", ""hessian_model"": ""zero"", ""inequality_handling_method"": ""inequality_constrained"", ""inertia_correction_strategy"": ""none""}",425,243,0.571765,75.2520,0.571765,"{""unsolved"": 181, ""solved"": 243, ""crash"": 1}"
custom,01366e6e43a2,ga,"{""constraint_relaxation_strategy"": ""feasibility_restoration"", ""globalization_mechanism"": ""TR"", ""globalization_strategy"": ""merit_function"", ""hessian_model"": ""LBFGS"", ""inequality_handling_method"": ""interior_point"", ""inertia_correction_strategy"": ""none""}",425,133,0.312941,63.4521,0.312941,"{""unsolved"": 292, ""solved"": 133}"
custom,388d87f2e4e7,ga,"{""constraint_relaxation_strategy"": ""feasibility_restoration"", ""globalization_mechanism"": ""LS"", ""globalization_strategy"": ""waechter_filter_method"", ""hessian_model"": ""LSR1"", ""inequality_handling_method"": ""interior_point"", ""inertia_correction_strategy"": ""primal""}",425,141,0.331765,122.3908,0.331765,"{""unsolved"": 284, ""solved"": 141}"
custom,f447b182882c,ga,"{""constraint_relaxation_strategy"": ""feasibility_restoration"", ""globalization_mechanism"": ""LS"", ""globalization_strategy"": ""funnel_method"", ""hessian_model"": ""identity"", ""inequality_handling_method"": ""interior_point"", ""inertia_correction_strategy"": ""none""}",425,212,0.498824,147.7576,0.498824,"{""unsolved"": 213, ""solved"": 212}"
custom,9b22c8c8ad68,ga,"{""constraint_relaxation_strategy"": ""feasibility_restoration"", ""globalization_mechanism"": ""TR"", ""globalization_strategy"": ""waechter_filter_method"", ""hessian_model"": ""LBFGS"", ""inequality_handling_method"": ""inequality_constrained"", ""inertia_correction_strategy"": ""primal_dual""}",425,351,0.825882,66.1793,0.825882,"{""unsolved"": 73, ""solved"": 351, ""timeout"": 1}"
custom,d269762ccd48,ga,"{""constraint_relaxation_strategy"": ""feasibility_restoration"", ""globalization_mechanism"": ""TR"", ""globalization_strategy"": ""funnel_method"", ""hessian_model"": ""exact"", ""inequality_handling_method"": ""interior_point"", ""inertia_correction_strategy"": ""none""}",425,168,0.395294,956.0409,0.395294,"{""unsolved"": 225, ""solved"": 168, ""timeout"": 31, ""crash"": 1}"
custom,07088ddbbc8a,ga,"{""constraint_relaxation_strategy"": ""feasibility_restoration"", ""globalization_mechanism"": ""TR"", ""globalization_strategy"": ""funnel_method"", ""hessian_model"": ""LSR1"", ""inequality_handling_method"": ""interior_point"", ""inertia_correction_strategy"": ""primal""}",425,3,0.007059,46.9383,0.028828,"{""unsolved"": 421, ""solved"": 3, ""timeout"": 1}"
custom,7ffeb29c138a,ga,"{""constraint_relaxation_strategy"": ""feasibility_restoration"", ""globalization_mechanism"": ""TR"", ""globalization_strategy"": ""funnel_method"", ""hessian_model"": ""zero"", ""inequality_handling_method"": ""inequality_constrained"", ""inertia_correction_strategy"": ""none""}",425,203,0.477647,106.8667,0.477647,"{""unsolved"": 221, ""solved"": 203, ""timeout"": 1}"
custom,4ec97f02feff,ga,"{""constraint_relaxation_strategy"": ""feasibility_restoration"", ""globalization_mechanism"": ""LS"", ""globalization_strategy"": ""merit_function"", ""hessian_model"": ""exact"", ""inequality_handling_method"": ""inequality_constrained"", ""inertia_correction_strategy"": ""primal""}",425,339,0.797647,79.2824,0.797647,"{""solved"": 339, ""unsolved"": 86}"
custom,d41192c81b98,ga,"{""constraint_relaxation_strategy"": ""feasibility_restoration"", ""globalization_mechanism"": ""LS"", ""globalization_strategy"": ""waechter_filter_method"", ""hessian_model"": ""LBFGS"", ""inequality_handling_method"": ""interior_point"", ""inertia_correction_strategy"": ""primal""}",425,329,0.774118,57.1087,0.778937,"{""unsolved"": 96, ""solved"": 329}"
custom,197815add93b,ga,"{""constraint_relaxation_strategy"": ""feasibility_restoration"", ""globalization_mechanism"": ""LS"", ""globalization_strategy"": ""funnel_method"", ""hessian_model"": ""LSR1"", ""inequality_handling_method"": ""inequality_constrained"", ""inertia_correction_strategy"": ""none""}",425,220,0.517647,101.5230,0.517647,"{""unsolved"": 204, ""solved"": 220, ""timeout"": 1}"
custom,9272de647c49,ga,"{""constraint_relaxation_strategy"": ""feasibility_restoration"", ""globalization_mechanism"": ""TR"", ""globalization_strategy"": ""fletcher_filter_method"", ""hessian_model"": ""zero"", ""inequality_handling_method"": ""inequality_constrained"", ""inertia_correction_strategy"": ""primal_dual""}",425,0,0.000000,13.4418,0.077597,"{""unsolved"": 425}"
custom,91e96f6fb5a4,ga,"{""constraint_relaxation_strategy"": ""feasibility_restoration"", ""globalization_mechanism"": ""LS"", ""globalization_strategy"": ""merit_function"", ""hessian_model"": ""LBFGS"", ""inequality_handling_method"": ""interior_point"", ""inertia_correction_strategy"": ""primal_dual""}",425,281,0.661176,60.4013,0.661176,"{""unsolved"": 144, ""solved"": 281}"
custom,e401706a7caa,ga,"{""constraint_relaxation_strategy"": ""feasibility_restoration"", ""globalization_mechanism"": ""LS"", ""globalization_strategy"": ""fletcher_filter_method"", ""hessian_model"": ""LSR1"", ""inequality_handling_method"": ""inequality_constrained"", ""inertia_correction_strategy"": ""primal""}",425,49,0.115294,42.0444,0.145220,"{""unsolved"": 376, ""solved"": 49}"
custom,2bf1f2c962db,ga,"{""constraint_relaxation_strategy"": ""feasibility_restoration"", ""globalization_mechanism"": ""TR"", ""globalization_strategy"": ""merit_function"", ""hessian_model"": ""LBFGS"", ""inequality_handling_method"": ""inequality_constrained"", ""inertia_correction_strategy"": ""primal""}",425,340,0.800000,63.4386,0.800000,"{""unsolved"": 84, ""solved"": 340, ""timeout"": 1}"
custom,e077fc7f5d80,ga,"{""constraint_relaxation_strategy"": ""feasibility_restoration"", ""globalization_mechanism"": ""TR"", ""globalization_strategy"": ""merit_function"", ""hessian_model"": ""exact"", ""inequality_handling_method"": ""interior_point"", ""inertia_correction_strategy"": ""primal_dual""}",425,0,0.000000,13.0437,0.078261,"{""unsolved"": 425}"
custom,6d889cac5c52,ga,"{""constraint_relaxation_strategy"": ""feasibility_restoration"", ""globalization_mechanism"": ""LS"", ""globalization_strategy"": ""funnel_method"", ""hessian_model"": ""identity"", ""inequality_handling_method"": ""interior_point"", ""inertia_correction_strategy"": ""primal_dual""}",425,218,0.512941,123.1304,0.512941,"{""unsolved"": 207, ""solved"": 218}"
custom,7ab600c96523,ga,"{""constraint_relaxation_strategy"": ""feasibility_restoration"", ""globalization_mechanism"": ""LS"", ""globalization_strategy"": ""waechter_filter_method"", ""hessian_model"": ""exact"", ""inequality_handling_method"": ""inequality_constrained"", ""inertia_correction_strategy"": ""primal_dual""}",425,131,0.308235,16.4017,0.380899,"{""unsolved"": 294, ""solved"": 131}"
custom,f84e7852c741,ga,"{""constraint_relaxation_strategy"": ""feasibility_restoration"", ""globalization_mechanism"": ""LS"", ""globalization_strategy"": ""funnel_method"", ""hessian_model"": ""LBFGS"", ""inequality_handling_method"": ""inequality_constrained"", ""inertia_correction_strategy"": ""none""}",425,364,0.856471,66.0711,0.856471,"{""unsolved"": 60, ""solved"": 364, ""timeout"": 1}"
custom,7341f1a6858b,ga,"{""constraint_relaxation_strategy"": ""feasibility_restoration"", ""globalization_mechanism"": ""LS"", ""globalization_strategy"": ""funnel_method"", ""hessian_model"": ""LSR1"", ""inequality_handling_method"": ""interior_point"", ""inertia_correction_strategy"": ""primal_dual""}",425,155,0.364706,125.1826,0.364706,"{""unsolved"": 270, ""solved"": 155}"
custom,4bf36a99bffe,ga,"{""constraint_relaxation_strategy"": ""feasibility_restoration"", ""globalization_mechanism"": ""LS"", ""globalization_strategy"": ""fletcher_filter_method"", ""hessian_model"": ""exact"", ""inequality_handling_method"": ""interior_point"", ""inertia_correction_strategy"": ""none""}",425,253,0.595294,50.4190,0.611262,"{""solved"": 253, ""unsolved"": 172}"
custom,3a6c74f826bb,ga,"{""constraint_relaxation_strategy"": ""feasibility_restoration"", ""globalization_mechanism"": ""LS"", ""globalization_strategy"": ""fletcher_filter_method"", ""hessian_model"": ""zero"", ""inequality_handling_method"": ""interior_point"", ""inertia_correction_strategy"": ""none""}",425,76,0.178824,109.9828,0.178824,"{""unsolved"": 349, ""solved"": 76}"
custom,bcd1bb5b68b6,ga,"{""constraint_relaxation_strategy"": ""feasibility_restoration"", ""globalization_mechanism"": ""TR"", ""globalization_strategy"": ""waechter_filter_method"", ""hessian_model"": ""zero"", ""inequality_handling_method"": ""inequality_constrained"", ""inertia_correction_strategy"": ""none""}",425,265,0.623529,67.4223,0.623529,"{""unsolved"": 159, ""solved"": 265, ""crash"": 1}"
custom,4dd4cb2430d4,ga,"{""constraint_relaxation_strategy"": ""feasibility_restoration"", ""globalization_mechanism"": ""TR"", ""globalization_strategy"": ""fletcher_filter_method"", ""hessian_model"": ""identity"", ""inequality_handling_method"": ""inequality_constrained"", ""inertia_correction_strategy"": ""primal_dual""}",425,238,0.560000,97.7926,0.560000,"{""unsolved"": 186, ""solved"": 238, ""timeout"": 1}"
custom,56c9ce23ee04,ga,"{""constraint_relaxation_strategy"": ""feasibility_restoration"", ""globalization_mechanism"": ""LS"", ""globalization_strategy"": ""fletcher_filter_method"", ""hessian_model"": ""LSR1"", ""inequality_handling_method"": ""interior_point"", ""inertia_correction_strategy"": ""primal""}",425,143,0.336471,110.3354,0.336471,"{""unsolved"": 282, ""solved"": 143}"
custom,3635e42976d7,ga,"{""constraint_relaxation_strategy"": ""feasibility_restoration"", ""globalization_mechanism"": ""LS"", ""globalization_strategy"": ""merit_function"", ""hessian_model"": ""LSR1"", ""inequality_handling_method"": ""interior_point"", ""inertia_correction_strategy"": ""primal""}",425,117,0.275294,114.2081,0.275294,"{""unsolved"": 308, ""solved"": 117}"
custom,ec5544ef6b76,ga,"{""constraint_relaxation_strategy"": ""feasibility_restoration"", ""globalization_mechanism"": ""TR"", ""globalization_strategy"": ""merit_function"", ""hessian_model"": ""zero"", ""inequality_handling_method"": ""inequality_constrained"", ""inertia_correction_strategy"": ""primal_dual""}",425,0,0.000000,12.2853,0.079525,"{""unsolved"": 425}"
custom,5d1253024e2e,ga,"{""constraint_relaxation_strategy"": ""feasibility_restoration"", ""globalization_mechanism"": ""LS"", ""globalization_strategy"": ""merit_function"", ""hessian_model"": ""exact"", ""inequality_handling_method"": ""interior_point"", ""inertia_correction_strategy"": ""primal_dual""}",425,316,0.743529,55.6827,0.750725,"{""solved"": 316, ""unsolved"": 109}"
custom,89518bb35641,ga,"{""constraint_relaxation_strategy"": ""feasibility_restoration"", ""globalization_mechanism"": ""LS"", ""globalization_strategy"": ""fletcher_filter_method"", ""hessian_model"": ""exact"", ""inequality_handling_method"": ""inequality_constrained"", ""inertia_correction_strategy"": ""primal_dual""}",425,131,0.308235,18.6210,0.377200,"{""unsolved"": 294, ""solved"": 131}"
custom,b44e4dcd4cda,ga,"{""constraint_relaxation_strategy"": ""feasibility_restoration"", ""globalization_mechanism"": ""TR"", ""globalization_strategy"": ""merit_function"", ""hessian_model"": ""LSR1"", ""inequality_handling_method"": ""interior_point"", ""inertia_correction_strategy"": ""none""}",425,100,0.235294,66.8462,0.235294,"{""unsolved"": 325, ""solved"": 100}"
custom,b5b1577061df,ga,"{""constraint_relaxation_strategy"": ""feasibility_restoration"", ""globalization_mechanism"": ""LS"", ""globalization_strategy"": ""waechter_filter_method"", ""hessian_model"": ""identity"", ""inequality_handling_method"": ""inequality_constrained"", ""inertia_correction_strategy"": ""primal""}",425,250,0.588235,126.8287,0.588235,"{""unsolved"": 174, ""solved"": 250, ""timeout"": 1}"
custom,35724a772d73,ga,"{""constraint_relaxation_strategy"": ""feasibility_restoration"", ""globalization_mechanism"": ""LS"", ""globalization_strategy"": ""waechter_filter_method"", ""hessian_model"": ""identity"", ""inequality_handling_method"": ""interior_point"", ""inertia_correction_strategy"": ""primal_dual""}",425,221,0.520000,115.3738,0.520000,"{""unsolved"": 204, ""solved"": 221}"
custom,5525902f309d,ga,"{""constraint_relaxation_strategy"": ""feasibility_restoration"", ""globalization_mechanism"": ""LS"", ""globalization_strategy"": ""fletcher_filter_method"", ""hessian_model"": ""zero"", ""inequality_handling_method"": ""interior_point"", ""inertia_correction_strategy"": ""primal""}",425,110,0.258824,190.8239,0.258824,"{""unsolved"": 315, ""solved"": 110}"
custom,f777b7d6deec,ga,"{""constraint_relaxation_strategy"": ""feasibility_restoration"", ""globalization_mechanism"": ""TR"", ""globalization_strategy"": ""fletcher_filter_method"", ""hessian_model"": ""exact"", ""inequality_handling_method"": ""inequality_constrained"", ""inertia_correction_strategy"": ""primal_dual""}",425,0,0.000000,13.7401,0.077100,"{""unsolved"": 425}"
custom,ba486c41a200,ga,"{""constraint_relaxation_strategy"": ""feasibility_restoration"", ""globalization_mechanism"": ""TR"", ""globalization_strategy"": ""merit_function"", ""hessian_model"": ""exact"", ""inequality_handling_method"": ""interior_point"", ""inertia_correction_strategy"": ""none""}",425,157,0.369412,79.8218,0.369412,"{""unsolved"": 265, ""solved"": 157, ""timeout"": 2, ""crash"": 1}"
custom,73b27bedde9b,ga,"{""constraint_relaxation_strategy"": ""feasibility_restoration"", ""globalization_mechanism"": ""TR"", ""globalization_strategy"": ""funnel_method"", ""hessian_model"": ""LBFGS"", ""inequality_handling_method"": ""inequality_constrained"", ""inertia_correction_strategy"": ""none""}",425,368,0.865882,62.4220,0.865882,"{""unsolved"": 56, ""solved"": 368, ""timeout"": 1}"
custom,33c9dd3ee160,ga,"{""constraint_relaxation_strategy"": ""feasibility_restoration"", ""globalization_mechanism"": ""LS"", ""globalization_strategy"": ""fletcher_filter_method"", ""hessian_model"": ""exact"", ""inequality_handling_method"": ""interior_point"", ""inertia_correction_strategy"": ""primal_dual""}",425,359,0.844706,38.9743,0.879749,"{""solved"": 359, ""unsolved"": 66}"
custom,36dc4f3a68ab,ga,"{""constraint_relaxation_strategy"": ""feasibility_restoration"", ""globalization_mechanism"": ""LS"", ""globalization_strategy"": ""merit_function"", ""hessian_model"": ""LSR1"", ""inequality_handling_method"": ""interior_point"", ""inertia_correction_strategy"": ""primal_dual""}",425,117,0.275294,107.6934,0.275294,"{""unsolved"": 308, ""solved"": 117}"
custom,c83f6fd4a768,ga,"{""constraint_relaxation_strategy"": ""feasibility_restoration"", ""globalization_mechanism"": ""TR"", ""globalization_strategy"": ""fletcher_filter_method"", ""hessian_model"": ""exact"", ""inequality_handling_method"": ""interior_point"", ""inertia_correction_strategy"": ""none""}",425,165,0.388235,796.2491,0.388235,"{""unsolved"": 233, ""solved"": 165, ""timeout"": 26, ""crash"": 1}"
custom,d26f0444b264,ga,"{""constraint_relaxation_strategy"": ""feasibility_restoration"", ""globalization_mechanism"": ""TR"", ""globalization_strategy"": ""funnel_method"", ""hessian_model"": ""exact"", ""inequality_handling_method"": ""interior_point"", ""inertia_correction_strategy"": ""primal_dual""}",425,0,0.000000,14.6794,0.075534,"{""unsolved"": 425}"
custom,6ef8ac47feba,ga,"{""constraint_relaxation_strategy"": ""feasibility_restoration"", ""globalization_mechanism"": ""LS"", ""globalization_strategy"": ""waechter_filter_method"", ""hessian_model"": ""identity"", ""inequality_handling_method"": ""interior_point"", ""inertia_correction_strategy"": ""none""}",425,216,0.508235,118.6979,0.508235,"{""unsolved"": 209, ""solved"": 216}"
custom,c0b52f36e277,ga,"{""constraint_relaxation_strategy"": ""feasibility_restoration"", ""globalization_mechanism"": ""TR"", ""globalization_strategy"": ""waechter_filter_method"", ""hessian_model"": ""LBFGS"", ""inequality_handling_method"": ""interior_point"", ""inertia_correction_strategy"": ""primal""}",425,147,0.345882,827.7244,0.345882,"{""unsolved"": 252, ""solved"": 147, ""timeout"": 26}"
custom,45cfbf160002,ga,"{""constraint_relaxation_strategy"": ""feasibility_restoration"", ""globalization_mechanism"": ""TR"", ""globalization_strategy"": ""merit_function"", ""hessian_model"": ""LBFGS"", ""inequality_handling_method"": ""interior_point"", ""inertia_correction_strategy"": ""primal_dual""}",425,130,0.305882,62.3173,0.305882,"{""unsolved"": 295, ""solved"": 130}"
custom,bc511196ab0f,ga,"{""constraint_relaxation_strategy"": ""feasibility_restoration"", ""globalization_mechanism"": ""LS"", ""globalization_strategy"": ""funnel_method"", ""hessian_model"": ""identity"", ""inequality_handling_method"": ""inequality_constrained"", ""inertia_correction_strategy"": ""primal""}",425,238,0.560000,138.2993,0.560000,"{""unsolved"": 186, ""solved"": 238, ""timeout"": 1}"
custom,b062dd70a330,ga,"{""constraint_relaxation_strategy"": ""feasibility_restoration"", ""globalization_mechanism"": ""TR"", ""globalization_strategy"": ""funnel_method"", ""hessian_model"": ""identity"", ""inequality_handling_method"": ""interior_point"", ""inertia_correction_strategy"": ""none""}",425,77,0.181176,740.2537,0.181176,"{""unsolved"": 325, ""solved"": 77, ""timeout"": 23}"
custom,dd92b6594859,ga,"{""constraint_relaxation_strategy"": ""feasibility_restoration"", ""globalization_mechanism"": ""LS"", ""globalization_strategy"": ""merit_function"", ""hessian_model"": ""LSR1"", ""inequality_handling_method"": ""inequality_constrained"", ""inertia_correction_strategy"": ""none""}",425,183,0.430588,126.2569,0.430588,"{""unsolved"": 241, ""solved"": 183, ""timeout"": 1}"
custom,971dc362f633,ga,"{""constraint_relaxation_strategy"": ""feasibility_restoration"", ""globalization_mechanism"": ""TR"", ""globalization_strategy"": ""funnel_method"", ""hessian_model"": ""LBFGS"", ""inequality_handling_method"": ""interior_point"", ""inertia_correction_strategy"": ""primal_dual""}",425,142,0.334118,746.0125,0.334118,"{""unsolved"": 260, ""solved"": 142, ""timeout"": 23}"
custom,abab2dc6fc89,ga,"{""constraint_relaxation_strategy"": ""feasibility_restoration"", ""globalization_mechanism"": ""LS"", ""globalization_strategy"": ""fletcher_filter_method"", ""hessian_model"": ""LBFGS"", ""inequality_handling_method"": ""interior_point"", ""inertia_correction_strategy"": ""none""}",425,323,0.760000,69.4697,0.760000,"{""unsolved"": 102, ""solved"": 323}"
custom,09291d6de8ff,ga,"{""constraint_relaxation_strategy"": ""feasibility_restoration"", ""globalization_mechanism"": ""TR"", ""globalization_strategy"": ""waechter_filter_method"", ""hessian_model"": ""LBFGS"", ""inequality_handling_method"": ""inequality_constrained"", ""inertia_correction_strategy"": ""primal""}",425,365,0.858824,66.0965,0.858824,"{""unsolved"": 59, ""solved"": 365, ""timeout"": 1}"
custom,aaad059c2a49,ga,"{""constraint_relaxation_strategy"": ""feasibility_restoration"", ""globalization_mechanism"": ""TR"", ""globalization_strategy"": ""fletcher_filter_method"", ""hessian_model"": ""zero"", ""inequality_handling_method"": ""inequality_constrained"", ""inertia_correction_strategy"": ""primal""}",425,274,0.644706,133.9654,0.644706,"{""unsolved"": 150, ""solved"": 274, ""timeout"": 1}"
custom,ac6017b51f38,ga,"{""constraint_relaxation_strategy"": ""feasibility_restoration"", ""globalization_mechanism"": ""LS"", ""globalization_strategy"": ""merit_function"", ""hessian_model"": ""LBFGS"", ""inequality_handling_method"": ""interior_point"", ""inertia_correction_strategy"": ""none""}",425,279,0.656471,68.9868,0.656471,"{""unsolved"": 146, ""solved"": 279}"
custom,11c0014f5c85,ga,"{""constraint_relaxation_strategy"": ""feasibility_restoration"", ""globalization_mechanism"": ""LS"", ""globalization_strategy"": ""funnel_method"", ""hessian_model"": ""LBFGS"", ""inequality_handling_method"": ""interior_point"", ""inertia_correction_strategy"": ""primal_dual""}",425,352,0.828235,60.0034,0.828235,"{""unsolved"": 72, ""solved"": 352, ""timeout"": 1}"
custom,6031879008b5,ga,"{""constraint_relaxation_strategy"": ""feasibility_restoration"", ""globalization_mechanism"": ""LS"", ""globalization_strategy"": ""fletcher_filter_method"", ""hessian_model"": ""LBFGS"", ""inequality_handling_method"": ""interior_point"", ""inertia_correction_strategy"": ""primal_dual""}",425,330,0.776471,56.9880,0.781491,"{""unsolved"": 95, ""solved"": 330}"
custom,837277fe4dd4,ga,"{""constraint_relaxation_strategy"": ""feasibility_restoration"", ""globalization_mechanism"": ""LS"", ""globalization_strategy"": ""funnel_method"", ""hessian_model"": ""LSR1"", ""inequality_handling_method"": ""interior_point"", ""inertia_correction_strategy"": ""none""}",425,148,0.348235,132.8111,0.348235,"{""unsolved"": 277, ""solved"": 148}"
custom,b1175453d490,ga,"{""constraint_relaxation_strategy"": ""feasibility_restoration"", ""globalization_mechanism"": ""LS"", ""globalization_strategy"": ""merit_function"", ""hessian_model"": ""LSR1"", ""inequality_handling_method"": ""inequality_constrained"", ""inertia_correction_strategy"": ""primal""}",425,50,0.117647,42.3177,0.147118,"{""unsolved"": 375, ""solved"": 50}"
custom,e652f5e4439e,ga,"{""constraint_relaxation_strategy"": ""feasibility_restoration"", ""globalization_mechanism"": ""LS"", ""globalization_strategy"": ""funnel_method"", ""hessian_model"": ""LSR1"", ""inequality_handling_method"": ""inequality_constrained"", ""inertia_correction_strategy"": ""primal_dual""}",425,40,0.094118,43.2766,0.121990,"{""unsolved"": 385, ""solved"": 40}"
custom,c68548c12a08,ga,"{""constraint_relaxation_strategy"": ""feasibility_restoration"", ""globalization_mechanism"": ""LS"", ""globalization_strategy"": ""waechter_filter_method"", ""hessian_model"": ""exact"", ""inequality_handling_method"": ""interior_point"", ""inertia_correction_strategy"": ""none""}",425,256,0.602353,48.3907,0.621702,"{""solved"": 256, ""unsolved"": 169}"
custom,ab23a9711ec9,ga,"{""constraint_relaxation_strategy"": ""feasibility_restoration"", ""globalization_mechanism"": ""LS"", ""globalization_strategy"": ""fletcher_filter_method"", ""hessian_model"": ""LBFGS"", ""inequality_handling_method"": ""inequality_constrained"", ""inertia_correction_strategy"": ""primal_dual""}",425,352,0.828235,70.0151,0.828235,"{""unsolved"": 72, ""solved"": 352, ""timeout"": 1}"
custom,1c3e6a483907,ga,"{""constraint_relaxation_strategy"": ""feasibility_restoration"", ""globalization_mechanism"": ""TR"", ""globalization_strategy"": ""merit_function"", ""hessian_model"": ""identity"", ""inequality_handling_method"": ""interior_point"", ""inertia_correction_strategy"": ""primal_dual""}",425,68,0.160000,55.4383,0.167603,"{""unsolved"": 357, ""solved"": 68}"
custom,52eaf98bd186,ga,"{""constraint_relaxation_strategy"": ""feasibility_restoration"", ""globalization_mechanism"": ""TR"", ""globalization_strategy"": ""waechter_filter_method"", ""hessian_model"": ""zero"", ""inequality_handling_method"": ""interior_point"", ""inertia_correction_strategy"": ""primal""}",425,75,0.176471,258.1162,0.176471,"{""unsolved"": 344, ""solved"": 75, ""timeout"": 6}"
custom,a0b2135da2d5,ga,"{""constraint_relaxation_strategy"": ""feasibility_restoration"", ""globalization_mechanism"": ""TR"", ""globalization_strategy"": ""waechter_filter_method"", ""hessian_model"": ""exact"", ""inequality_handling_method"": ""interior_point"", ""inertia_correction_strategy"": ""none""}",425,166,0.390588,1186.2247,0.390588,"{""unsolved"": 219, ""solved"": 166, ""timeout"": 39, ""crash"": 1}"
custom,1e49576f285f,ga,"{""constraint_relaxation_strategy"": ""feasibility_restoration"", ""globalization_mechanism"": ""LS"", ""globalization_strategy"": ""funnel_method"", ""hessian_model"": ""LBFGS"", ""inequality_handling_method"": ""inequality_constrained"", ""inertia_correction_strategy"": ""primal_dual""}",425,353,0.830588,74.7985,0.830588,"{""unsolved"": 71, ""solved"": 353, ""timeout"": 1}"
custom,d678dad79a27,ga,"{""constraint_relaxation_strategy"": ""feasibility_restoration"", ""globalization_mechanism"": ""TR"", ""globalization_strategy"": ""funnel_method"", ""hessian_model"": ""exact"", ""inequality_handling_method"": ""inequality_constrained"", ""inertia_correction_strategy"": ""primal_dual""}",425,0,0.000000,14.7498,0.075417,"{""unsolved"": 425}"
custom,afccfaf5f3db,ga,"{""constraint_relaxation_strategy"": ""feasibility_restoration"", ""globalization_mechanism"": ""TR"", ""globalization_strategy"": ""merit_function"", ""hessian_model"": ""LSR1"", ""inequality_handling_method"": ""inequality_constrained"", ""inertia_correction_strategy"": ""primal""}",425,13,0.030588,14.3801,0.106621,"{""unsolved"": 412, ""solved"": 13}"
custom,a89ea97e67cc,ga,"{""constraint_relaxation_strategy"": ""feasibility_restoration"", ""globalization_mechanism"": ""TR"", ""globalization_strategy"": ""merit_function"", ""hessian_model"": ""identity"", ""inequality_handling_method"": ""inequality_constrained"", ""inertia_correction_strategy"": ""primal_dual""}",425,214,0.503529,107.6692,0.503529,"{""unsolved"": 210, ""solved"": 214, ""timeout"": 1}"
custom,45ae9487ad93,ga,"{""constraint_relaxation_strategy"": ""feasibility_restoration"", ""globalization_mechanism"": ""TR"", ""globalization_strategy"": ""merit_function"", ""hessian_model"": ""LSR1"", ""inequality_handling_method"": ""interior_point"", ""inertia_correction_strategy"": ""primal_dual""}",425,0,0.000000,13.1756,0.078041,"{""unsolved"": 425}"
custom,256c7de9006b,ga,"{""constraint_relaxation_strategy"": ""feasibility_restoration"", ""globalization_mechanism"": ""LS"", ""globalization_strategy"": ""merit_function"", ""hessian_model"": ""exact"", ""inequality_handling_method"": ""inequality_constrained"", ""inertia_correction_strategy"": ""primal_dual""}",425,128,0.301176,16.5596,0.373577,"{""unsolved"": 297, ""solved"": 128}"
custom,e6d10212fccb,ga,"{""constraint_relaxation_strategy"": ""feasibility_restoration"", ""globalization_mechanism"": ""TR"", ""globalization_strategy"": ""waechter_filter_method"", ""hessian_model"": ""LSR1"", ""inequality_handling_method"": ""interior_point"", ""inertia_correction_strategy"": ""none""}",425,108,0.254118,836.7456,0.254118,"{""unsolved"": 291, ""solved"": 108, ""timeout"": 26}"
custom,cd05eb4a6817,ga,"{""constraint_relaxation_strategy"": ""feasibility_restoration"", ""globalization_mechanism"": ""LS"", ""globalization_strategy"": ""merit_function"", ""hessian_model"": ""identity"", ""inequality_handling_method"": ""inequality_constrained"", ""inertia_correction_strategy"": ""primal_dual""}",425,220,0.517647,146.6142,0.517647,"{""unsolved"": 204, ""solved"": 220, ""timeout"": 1}"
custom,06a9c6e660d4,ga,"{""constraint_relaxation_strategy"": ""feasibility_restoration"", ""globalization_mechanism"": ""LS"", ""globalization_strategy"": ""fletcher_filter_method"", ""hessian_model"": ""LSR1"", ""inequality_handling_method"": ""inequality_constrained"", ""inertia_correction_strategy"": ""primal_dual""}",425,38,0.089412,39.9744,0.122788,"{""unsolved"": 387, ""solved"": 38}"
custom,45a4e8469303,ga,"{""constraint_relaxation_strategy"": ""feasibility_restoration"", ""globalization_mechanism"": ""LS"", ""globalization_strategy"": ""waechter_filter_method"", ""hessian_model"": ""exact"", ""inequality_handling_method"": ""inequality_constrained"", ""inertia_correction_strategy"": ""primal""}",425,388,0.912941,62.4555,0.912941,"{""solved"": 388, ""unsolved"": 37}"
custom,571713f07f83,ga,"{""constraint_relaxation_strategy"": ""feasibility_restoration"", ""globalization_mechanism"": ""LS"", ""globalization_strategy"": ""waechter_filter_method"", ""hessian_model"": ""LBFGS"", ""inequality_handling_method"": ""inequality_constrained"", ""inertia_correction_strategy"": ""primal""}",425,362,0.851765,68.2417,0.851765,"{""unsolved"": 62, ""solved"": 362, ""timeout"": 1}"
custom,75eadaca5519,ga,"{""constraint_relaxation_strategy"": ""feasibility_restoration"", ""globalization_mechanism"": ""TR"", ""globalization_strategy"": ""fletcher_filter_method"", ""hessian_model"": ""zero"", ""inequality_handling_method"": ""interior_point"", ""inertia_correction_strategy"": ""primal_dual""}",425,0,0.000000,14.2922,0.076180,"{""unsolved"": 425}"
custom,baf83bb1f9fd,ga,"{""constraint_relaxation_strategy"": ""feasibility_restoration"", ""globalization_mechanism"": ""LS"", ""globalization_strategy"": ""merit_function"", ""hessian_model"": ""exact"", ""inequality_handling_method"": ""interior_point"", ""inertia_correction_strategy"": ""primal""}",425,322,0.757647,58.5918,0.759994,"{""solved"": 322, ""unsolved"": 103}"
custom,5d29e8f26c34,ga,"{""constraint_relaxation_strategy"": ""feasibility_restoration"", ""globalization_mechanism"": ""TR"", ""globalization_strategy"": ""merit_function"", ""hessian_model"": ""exact"", ""inequality_handling_method"": ""inequality_constrained"", ""inertia_correction_strategy"": ""primal""}",425,365,0.858824,112.6072,0.858824,"{""solved"": 365, ""unsolved"": 58, ""crash"": 1, ""timeout"": 1}"
custom,22c71544d288,ga,"{""constraint_relaxation_strategy"": ""feasibility_restoration"", ""globalization_mechanism"": ""TR"", ""globalization_strategy"": ""merit_function"", ""hessian_model"": ""identity"", ""inequality_handling_method"": ""interior_point"", ""inertia_correction_strategy"": ""primal""}",425,71,0.167059,59.5594,0.167793,"{""unsolved"": 354, ""solved"": 71}"
custom,cb7f1dbfede4,ga,"{""constraint_relaxation_strategy"": ""feasibility_restoration"", ""globalization_mechanism"": ""TR"", ""globalization_strategy"": ""funnel_method"", ""hessian_model"": ""LSR1"", ""inequality_handling_method"": ""inequality_constrained"", ""inertia_correction_strategy"": ""none""}",425,313,0.736471,89.6343,0.736471,"{""unsolved"": 111, ""solved"": 313, ""timeout"": 1}"
custom,5961d568b640,ga,"{""constraint_relaxation_strategy"": ""feasibility_restoration"", ""globalization_mechanism"": ""TR"", ""globalization_strategy"": ""funnel_method"", ""hessian_model"": ""zero"", ""inequality_handling_method"": ""inequality_constrained"", ""inertia_correction_strategy"": ""primal_dual""}",425,0,0.000000,10.4405,0.082599,"{""unsolved"": 425}"
custom,6807407144ed,ga,"{""constraint_relaxation_strategy"": ""feasibility_restoration"", ""globalization_mechanism"": ""LS"", ""globalization_strategy"": ""waechter_filter_method"", ""hessian_model"": ""LSR1"", ""inequality_handling_method"": ""inequality_constrained"", ""inertia_correction_strategy"": ""primal""}",425,48,0.112941,44.4594,0.138842,"{""unsolved"": 377, ""solved"": 48}"
custom,a99ea787ea71,ga,"{""constraint_relaxation_strategy"": ""feasibility_restoration"", ""globalization_mechanism"": ""LS"", ""globalization_strategy"": ""fletcher_filter_method"", ""hessian_model"": ""exact"", ""inequality_handling_method"": ""inequality_constrained"", ""inertia_correction_strategy"": ""primal""}",425,388,0.912941,58.8769,0.914813,"{""solved"": 388, ""unsolved"": 37}"
custom,ce689f3b083e,ga,"{""constraint_relaxation_strategy"": ""feasibility_restoration"", ""globalization_mechanism"": ""TR"", ""globalization_strategy"": ""fletcher_filter_method"", ""hessian_model"": ""exact"", ""inequality_handling_method"": ""interior_point"", ""inertia_correction_strategy"": ""primal""}",425,169,0.397647,269.7070,0.397647,"{""unsolved"": 248, ""solved"": 169, ""timeout"": 7, ""crash"": 1}"
custom,7ee31db5e28e,ga,"{""constraint_relaxation_strategy"": ""feasibility_restoration"", ""globalization_mechanism"": ""LS"", ""globalization_strategy"": ""funnel_method"", ""hessian_model"": ""LSR1"", ""inequality_handling_method"": ""inequality_constrained"", ""inertia_correction_strategy"": ""primal""}",425,51,0.120000,45.0262,0.144956,"{""unsolved"": 374, ""solved"": 51}"
custom,df36c585435d,ga,"{""constraint_relaxation_strategy"": ""feasibility_restoration"", ""globalization_mechanism"": ""TR"", ""globalization_strategy"": ""waechter_filter_method"", ""hessian_model"": ""exact"", ""inequality_handling_method"": ""interior_point"", ""inertia_correction_strategy"": ""primal_dual""}",425,0,0.000000,12.2484,0.079586,"{""unsolved"": 425}"
custom,25e94dc1dfce,ga,"{""constraint_relaxation_strategy"": ""feasibility_restoration"", ""globalization_mechanism"": ""LS"", ""globalization_strategy"": ""fletcher_filter_method"", ""hessian_model"": ""LSR1"", ""inequality_handling_method"": ""inequality_constrained"", ""inertia_correction_strategy"": ""none""}",425,214,0.503529,106.8278,0.503529,"{""unsolved"": 210, ""solved"": 214, ""timeout"": 1}"
custom,1b6853954680,ga,"{""constraint_relaxation_strategy"": ""feasibility_restoration"", ""globalization_mechanism"": ""TR"", ""globalization_strategy"": ""fletcher_filter_method"", ""hessian_model"": ""LSR1"", ""inequality_handling_method"": ""inequality_constrained"", ""inertia_correction_strategy"": ""primal_dual""}",425,0,0.000000,14.1026,0.076496,"{""unsolved"": 425}"
custom,29578600a766,ga,"{""constraint_relaxation_strategy"": ""feasibility_restoration"", ""globalization_mechanism"": ""LS"", ""globalization_strategy"": ""fletcher_filter_method"", ""hessian_model"": ""exact"", ""inequality_handling_method"": ""inequality_constrained"", ""inertia_correction_strategy"": ""none""}",425,287,0.675294,22.4305,0.737910,"{""solved"": 287, ""unsolved"": 138}"
custom,6e9726b24eec,ga,"{""constraint_relaxation_strategy"": ""feasibility_restoration"", ""globalization_mechanism"": ""LS"", ""globalization_strategy"": ""funnel_method"", ""hessian_model"": ""exact"", ""inequality_handling_method"": ""interior_point"", ""inertia_correction_strategy"": ""none""}",425,282,0.663529,43.6157,0.690837,"{""solved"": 282, ""unsolved"": 143}"
custom,8fc5dfcb12cd,ga,"{""constraint_relaxation_strategy"": ""feasibility_restoration"", ""globalization_mechanism"": ""TR"", ""globalization_strategy"": ""waechter_filter_method"", ""hessian_model"": ""exact"", ""inequality_handling_method"": ""inequality_constrained"", ""inertia_correction_strategy"": ""none""}",425,402,0.945882,47.8648,0.966108,"{""solved"": 402, ""unsolved"": 21, ""crash"": 1, ""timeout"": 1}"
custom,7249f5567147,ga,"{""constraint_relaxation_strategy"": ""feasibility_restoration"", ""globalization_mechanism"": ""TR"", ""globalization_strategy"": ""funnel_method"", ""hessian_model"": ""zero"", ""inequality_handling_method"": ""inequality_constrained"", ""inertia_correction_strategy"": ""primal""}",425,209,0.491765,144.5749,0.491765,"{""unsolved"": 215, ""solved"": 209, ""timeout"": 1}"
custom,8a5d35380d54,ga,"{""constraint_relaxation_strategy"": ""feasibility_restoration"", ""globalization_mechanism"": ""LS"", ""globalization_strategy"": ""fletcher_filter_method"", ""hessian_model"": ""zero"", ""inequality_handling_method"": ""interior_point"", ""inertia_correction_strategy"": ""primal_dual""}",425,93,0.218824,127.9450,0.218824,"{""unsolved"": 332, ""solved"": 93}"
custom,d937790c0d42,ga,"{""constraint_relaxation_strategy"": ""feasibility_restoration"", ""globalization_mechanism"": ""LS"", ""globalization_strategy"": ""funnel_method"", ""hessian_model"": ""exact"", ""inequality_handling_method"": ""inequality_constrained"", ""inertia_correction_strategy"": ""none""}",425,288,0.677647,23.8279,0.737934,"{""solved"": 288, ""unsolved"": 137}"
custom,72c1aea391d3,ga,"{""constraint_relaxation_strategy"": ""feasibility_restoration"", ""globalization_mechanism"": ""LS"", ""globalization_strategy"": ""funnel_method"", ""hessian_model"": ""LBFGS"", ""inequality_handling_method"": ""inequality_constrained"", ""inertia_correction_strategy"": ""primal""}",425,364,0.856471,69.4299,0.856471,"{""unsolved"": 60, ""solved"": 364, ""timeout"": 1}"
custom,68cc0595bfb9,ga,"{""constraint_relaxation_strategy"": ""feasibility_restoration"", ""globalization_mechanism"": ""LS"", ""globalization_strategy"": ""waechter_filter_method"", ""hessian_model"": ""zero"", ""inequality_handling_method"": ""interior_point"", ""inertia_correction_strategy"": ""primal_dual""}",425,97,0.228235,125.1100,0.228235,"{""unsolved"": 328, ""solved"": 97}"
custom,b39703f97052,ga,"{""constraint_relaxation_strategy"": ""feasibility_restoration"", ""globalization_mechanism"": ""LS"", ""globalization_strategy"": ""merit_function"", ""hessian_model"": ""LSR1"", ""inequality_handling_method"": ""interior_point"", ""inertia_correction_strategy"": ""none""}",425,114,0.268235,113.3483,0.268235,"{""unsolved"": 311, ""solved"": 114}"
custom,51b235db0a57,ga,"{""constraint_relaxation_strategy"": ""feasibility_restoration"", ""globalization_mechanism"": ""TR"", ""globalization_strategy"": ""waechter_filter_method"", ""hessian_model"": ""identity"", ""inequality_handling_method"": ""inequality_constrained"", ""inertia_correction_strategy"": ""primal_dual""}",425,235,0.552941,94.7352,0.552941,"{""unsolved"": 189, ""solved"": 235, ""timeout"": 1}"
custom,a95542329e0f,ga,"{""constraint_relaxation_strategy"": ""feasibility_restoration"", ""globalization_mechanism"": ""TR"", ""globalization_strategy"": ""fletcher_filter_method"", ""hessian_model"": ""LSR1"", ""inequality_handling_method"": ""inequality_constrained"", ""inertia_correction_strategy"": ""primal""}",425,14,0.032941,10.4862,0.115464,"{""unsolved"": 411, ""solved"": 14}"
custom,f54d55f5bf89,ga,"{""constraint_relaxation_strategy"": ""feasibility_restoration"", ""globalization_mechanism"": ""TR"", ""globalization_strategy"": ""waechter_filter_method"", ""hessian_model"": ""identity"", ""inequality_handling_method"": ""interior_point"", ""inertia_correction_strategy"": ""primal_dual""}",425,73,0.171765,1188.1087,0.171765,"{""unsolved"": 314, ""solved"": 73, ""timeout"": 38}"
custom,c11c3664a620,ga,"{""constraint_relaxation_strategy"": ""feasibility_restoration"", ""globalization_mechanism"": ""LS"", ""globalization_strategy"": ""merit_function"", ""hessian_model"": ""exact"", ""inequality_handling_method"": ""inequality_constrained"", ""inertia_correction_strategy"": ""none""}",425,243,0.571765,50.5891,0.587450,"{""solved"": 243, ""unsolved"": 182}"
custom,67cb81e25f4c,ga,"{""constraint_relaxation_strategy"": ""feasibility_restoration"", ""globalization_mechanism"": ""TR"", ""globalization_strategy"": ""funnel_method"", ""hessian_model"": ""LBFGS"", ""inequality_handling_method"": ""inequality_constrained"", ""inertia_correction_strategy"": ""primal_dual""}",425,354,0.832941,65.8035,0.832941,"{""unsolved"": 70, ""solved"": 354, ""timeout"": 1}"
custom,513660b1a35a,ga,"{""constraint_relaxation_strategy"": ""feasibility_restoration"", ""globalization_mechanism"": ""TR"", ""globalization_strategy"": ""waechter_filter_method"", ""hessian_model"": ""identity"", ""inequality_handling_method"": ""inequality_constrained"", ""inertia_correction_strategy"": ""none""}",425,249,0.585882,106.6601,0.585882,"{""unsolved"": 175, ""solved"": 249, ""timeout"": 1}"
custom,51a2e85669ba,ga,"{""constraint_relaxation_strategy"": ""feasibility_restoration"", ""globalization_mechanism"": ""TR"", ""globalization_strategy"": ""merit_function"", ""hessian_model"": ""zero"", ""inequality_handling_method"": ""inequality_constrained"", ""inertia_correction_strategy"": ""primal""}",425,254,0.597647,127.7765,0.597647,"{""unsolved"": 170, ""solved"": 254, ""timeout"": 1}"
custom,d1e249277dcd,ga,"{""constraint_relaxation_strategy"": ""feasibility_restoration"", ""globalization_mechanism"": ""TR"", ""globalization_strategy"": ""fletcher_filter_method"", ""hessian_model"": ""exact"", ""inequality_handling_method"": ""inequality_constrained"", ""inertia_correction_strategy"": ""primal""}",425,386,0.908235,105.3213,0.908235,"{""solved"": 386, ""unsolved"": 37, ""crash"": 1, ""timeout"": 1}"
custom,9cc0076619ff,ga,"{""constraint_relaxation_strategy"": ""feasibility_restoration"", ""globalization_mechanism"": ""TR"", ""globalization_strategy"": ""waechter_filter_method"", ""hessian_model"": ""exact"", ""inequality_handling_method"": ""inequality_constrained"", ""inertia_correction_strategy"": ""primal""}",425,386,0.908235,103.6579,0.908235,"{""solved"": 386, ""unsolved"": 37, ""crash"": 1, ""timeout"": 1}"
custom,b62a1e60af94,ga,"{""constraint_relaxation_strategy"": ""feasibility_restoration"", ""globalization_mechanism"": ""LS"", ""globalization_strategy"": ""merit_function"", ""hessian_model"": ""LSR1"", ""inequality_handling_method"": ""inequality_constrained"", ""inertia_correction_strategy"": ""primal_dual""}",425,39,0.091765,38.5456,0.127522,"{""unsolved"": 386, ""solved"": 39}"
custom,5031594347e7,ga,"{""constraint_relaxation_strategy"": ""feasibility_restoration"", ""globalization_mechanism"": ""TR"", ""globalization_strategy"": ""funnel_method"", ""hessian_model"": ""identity"", ""inequality_handling_method"": ""inequality_constrained"", ""inertia_correction_strategy"": ""primal_dual""}",425,223,0.524706,97.3403,0.524706,"{""unsolved"": 201, ""solved"": 223, ""timeout"": 1}"
custom,084deba0dc3e,ga,"{""constraint_relaxation_strategy"": ""feasibility_restoration"", ""globalization_mechanism"": ""LS"", ""globalization_strategy"": ""merit_function"", ""hessian_model"": ""zero"", ""inequality_handling_method"": ""inequality_constrained"", ""inertia_correction_strategy"": ""primal""}",425,139,0.327059,230.9007,0.327059,"{""unsolved"": 285, ""solved"": 139, ""timeout"": 1}"
custom,044b4fca128e,ga,"{""constraint_relaxation_strategy"": ""feasibility_restoration"", ""globalization_mechanism"": ""TR"", ""globalization_strategy"": ""funnel_method"", ""hessian_model"": ""zero"", ""inequality_handling_method"": ""interior_point"", ""inertia_correction_strategy"": ""none""}",425,70,0.164706,839.5287,0.164706,"{""unsolved"": 329, ""solved"": 70, ""timeout"": 26}"
custom,5b726e3d982b,ga,"{""constraint_relaxation_strategy"": ""feasibility_restoration"", ""globalization_mechanism"": ""LS"", ""globalization_strategy"": ""fletcher_filter_method"", ""hessian_model"": ""LBFGS"", ""inequality_handling_method"": ""inequality_constrained"", ""inertia_correction_strategy"": ""none""}",425,363,0.854118,70.5969,0.854118,"{""unsolved"": 61, ""solved"": 363, ""timeout"": 1}"
custom,41c731a7bb7f,ga,"{""constraint_relaxation_strategy"": ""feasibility_restoration"", ""globalization_mechanism"": ""TR"", ""globalization_strategy"": ""fletcher_filter_method"", ""hessian_model"": ""LBFGS"", ""inequality_handling_method"": ""inequality_constrained"", ""inertia_correction_strategy"": ""none""}",425,367,0.863529,61.8312,0.863529,"{""unsolved"": 57, ""solved"": 367, ""timeout"": 1}"
custom,8b6e756c51b4,ga,"{""constraint_relaxation_strategy"": ""feasibility_restoration"", ""globalization_mechanism"": ""TR"", ""globalization_strategy"": ""fletcher_filter_method"", ""hessian_model"": ""identity"", ""inequality_handling_method"": ""interior_point"", ""inertia_correction_strategy"": ""primal""}",425,77,0.181176,792.6014,0.181176,"{""unsolved"": 323, ""solved"": 77, ""timeout"": 25}"
custom,e4848bcf7792,ga,"{""constraint_relaxation_strategy"": ""feasibility_restoration"", ""globalization_mechanism"": ""LS"", ""globalization_strategy"": ""funnel_method"", ""hessian_model"": ""exact"", ""inequality_handling_method"": ""inequality_constrained"", ""inertia_correction_strategy"": ""primal""}",425,389,0.915294,64.6449,0.915294,"{""solved"": 389, ""unsolved"": 36}"
custom,090f83ec77dc,ga,"{""constraint_relaxation_strategy"": ""feasibility_restoration"", ""globalization_mechanism"": ""LS"", ""globalization_strategy"": ""merit_function"", ""hessian_model"": ""identity"", ""inequality_handling_method"": ""interior_point"", ""inertia_correction_strategy"": ""primal""}",425,185,0.435294,120.3680,0.435294,"{""unsolved"": 240, ""solved"": 185}"
custom,e7c021bf5496,ga,"{""constraint_relaxation_strategy"": ""feasibility_restoration"", ""globalization_mechanism"": ""TR"", ""globalization_strategy"": ""waechter_filter_method"", ""hessian_model"": ""identity"", ""inequality_handling_method"": ""inequality_constrained"", ""inertia_correction_strategy"": ""primal""}",425,249,0.585882,100.2732,0.585882,"{""unsolved"": 175, ""solved"": 249, ""timeout"": 1}"
custom,a0ca5208c1aa,ga,"{""constraint_relaxation_strategy"": ""feasibility_restoration"", ""globalization_mechanism"": ""LS"", ""globalization_strategy"": ""waechter_filter_method"", ""hessian_model"": ""exact"", ""inequality_handling_method"": ""inequality_constrained"", ""inertia_correction_strategy"": ""none""}",425,287,0.675294,22.4131,0.737939,"{""solved"": 287, ""unsolved"": 138}"
custom,9c307cb48600,ga,"{""constraint_relaxation_strategy"": ""feasibility_restoration"", ""globalization_mechanism"": ""TR"", ""globalization_strategy"": ""waechter_filter_method"", ""hessian_model"": ""LBFGS"", ""inequality_handling_method"": ""interior_point"", ""inertia_correction_strategy"": ""primal_dual""}",425,144,0.338824,819.9117,0.338824,"{""unsolved"": 255, ""solved"": 144, ""timeout"": 26}"
custom,6ffa7de552c1,ga,"{""constraint_relaxation_strategy"": ""feasibility_restoration"", ""globalization_mechanism"": ""TR"", ""globalization_strategy"": ""funnel_method"", ""hessian_model"": ""LSR1"", ""inequality_handling_method"": ""inequality_constrained"", ""inertia_correction_strategy"": ""primal_dual""}",425,0,0.000000,16.4887,0.072519,"{""unsolved"": 425}"
custom,5f0af8d09822,ga,"{""constraint_relaxation_strategy"": ""feasibility_restoration"", ""globalization_mechanism"": ""TR"", ""globalization_strategy"": ""merit_function"", ""hessian_model"": ""LSR1"", ""inequality_handling_method"": ""inequality_constrained"", ""inertia_correction_strategy"": ""primal_dual""}",425,0,0.000000,12.4825,0.079196,"{""unsolved"": 425}"
custom,18d75bd88861,ga,"{""constraint_relaxation_strategy"": ""feasibility_restoration"", ""globalization_mechanism"": ""LS"", ""globalization_strategy"": ""funnel_method"", ""hessian_model"": ""exact"", ""inequality_handling_method"": ""interior_point"", ""inertia_correction_strategy"": ""primal_dual""}",425,380,0.894118,34.7348,0.936226,"{""solved"": 380, ""unsolved"": 45}"
custom,eb2e34494cf2,ga,"{""constraint_relaxation_strategy"": ""feasibility_restoration"", ""globalization_mechanism"": ""LS"", ""globalization_strategy"": ""waechter_filter_method"", ""hessian_model"": ""zero"", ""inequality_handling_method"": ""inequality_constrained"", ""inertia_correction_strategy"": ""primal_dual""}",425,24,0.056471,15.8317,0.130084,"{""unsolved"": 401, ""solved"": 24}"
custom,5d8663867bc1,ga,"{""constraint_relaxation_strategy"": ""feasibility_restoration"", ""globalization_mechanism"": ""LS"", ""globalization_strategy"": ""fletcher_filter_method"", ""hessian_model"": ""identity"", ""inequality_handling_method"": ""inequality_constrained"", ""inertia_correction_strategy"": ""primal""}",425,253,0.595294,128.7171,0.595294,"{""unsolved"": 171, ""solved"": 253, ""timeout"": 1}"
custom,46c5247b1ec9,ga,"{""constraint_relaxation_strategy"": ""feasibility_restoration"", ""globalization_mechanism"": ""TR"", ""globalization_strategy"": ""merit_function"", ""hessian_model"": ""exact"", ""inequality_handling_method"": ""inequality_constrained"", ""inertia_correction_strategy"": ""primal_dual""}",425,0,0.000000,15.4293,0.074285,"{""unsolved"": 425}"
custom,572be6f48359,ga,"{""constraint_relaxation_strategy"": ""feasibility_restoration"", ""globalization_mechanism"": ""LS"", ""globalization_strategy"": ""merit_function"", ""hessian_model"": ""zero"", ""inequality_handling_method"": ""inequality_constrained"", ""inertia_correction_strategy"": ""primal_dual""}",425,24,0.056471,18.9633,0.124865,"{""unsolved"": 401, ""solved"": 24}"
custom,a92cf1df41e9,ga,"{""constraint_relaxation_strategy"": ""feasibility_restoration"", ""globalization_mechanism"": ""LS"", ""globalization_strategy"": ""funnel_method"", ""hessian_model"": ""exact"", ""inequality_handling_method"": ""interior_point"", ""inertia_correction_strategy"": ""primal""}",425,382,0.898824,42.5512,0.927905,"{""solved"": 382, ""unsolved"": 43}"
custom,329f99441afd,ga,"{""constraint_relaxation_strategy"": ""feasibility_restoration"", ""globalization_mechanism"": ""LS"", ""globalization_strategy"": ""funnel_method"", ""hessian_model"": ""exact"", ""inequality_handling_method"": ""inequality_constrained"", ""inertia_correction_strategy"": ""primal_dual""}",425,136,0.320000,18.0034,0.389994,"{""unsolved"": 289, ""solved"": 136}"
custom,8749081d0b03,ga,"{""constraint_relaxation_strategy"": ""feasibility_restoration"", ""globalization_mechanism"": ""LS"", ""globalization_strategy"": ""funnel_method"", ""hessian_model"": ""zero"", ""inequality_handling_method"": ""interior_point"", ""inertia_correction_strategy"": ""primal""}",425,119,0.280000,187.7676,0.280000,"{""unsolved"": 306, ""solved"": 119}"
custom,c91bead6dda3,ga,"{""constraint_relaxation_strategy"": ""feasibility_restoration"", ""globalization_mechanism"": ""TR"", ""globalization_strategy"": ""funnel_method"", ""hessian_model"": ""exact"", ""inequality_handling_method"": ""inequality_constrained"", ""inertia_correction_strategy"": ""primal""}",425,388,0.912941,106.3149,0.912941,"{""solved"": 388, ""unsolved"": 35, ""crash"": 1, ""timeout"": 1}"
custom,1baf8174caa3,ga,"{""constraint_relaxation_strategy"": ""feasibility_restoration"", ""globalization_mechanism"": ""TR"", ""globalization_strategy"": ""waechter_filter_method"", ""hessian_model"": ""exact"", ""inequality_handling_method"": ""interior_point"", ""inertia_correction_strategy"": ""primal""}",425,169,0.397647,387.7979,0.397647,"{""unsolved"": 244, ""solved"": 169, ""timeout"": 11, ""crash"": 1}"
custom,aefcf509f190,ga,"{""constraint_relaxation_strategy"": ""feasibility_restoration"", ""globalization_mechanism"": ""LS"", ""globalization_strategy"": ""merit_function"", ""hessian_model"": ""LBFGS"", ""inequality_handling_method"": ""inequality_constrained"", ""inertia_correction_strategy"": ""none""}",425,314,0.738824,86.9120,0.738824,"{""unsolved"": 110, ""solved"": 314, ""timeout"": 1}"
custom,7cbdb7ff2dfc,ga,"{""constraint_relaxation_strategy"": ""feasibility_restoration"", ""globalization_mechanism"": ""LS"", ""globalization_strategy"": ""funnel_method"", ""hessian_model"": ""LBFGS"", ""inequality_handling_method"": ""interior_point"", ""inertia_correction_strategy"": ""primal""}",425,345,0.811765,60.4272,0.811765,"{""unsolved"": 79, ""solved"": 345, ""timeout"": 1}"
custom,c765cb1dab84,ga,"{""constraint_relaxation_strategy"": ""feasibility_restoration"", ""globalization_mechanism"": ""LS"", ""globalization_strategy"": ""fletcher_filter_method"", ""hessian_model"": ""zero"", ""inequality_handling_method"": ""inequality_constrained"", ""inertia_correction_strategy"": ""primal_dual""}",425,24,0.056471,18.5584,0.125540,"{""unsolved"": 401, ""solved"": 24}"
custom,1f9dec2e3b6a,ga,"{""constraint_relaxation_strategy"": ""feasibility_restoration"", ""globalization_mechanism"": ""TR"", ""globalization_strategy"": ""waechter_filter_method"", ""hessian_model"": ""exact"", ""inequality_handling_method"": ""inequality_constrained"", ""inertia_correction_strategy"": ""primal_dual""}",425,0,0.000000,12.6669,0.078888,"{""unsolved"": 425}"
custom,8e69c1a3d54d,ga,"{""constraint_relaxation_strategy"": ""feasibility_restoration"", ""globalization_mechanism"": ""TR"", ""globalization_strategy"": ""merit_function"", ""hessian_model"": ""exact"", ""inequality_handling_method"": ""inequality_constrained"", ""inertia_correction_strategy"": ""none""}",425,382,0.898824,50.8264,0.914113,"{""solved"": 382, ""unsolved"": 41, ""crash"": 1, ""timeout"": 1}"
custom,995806dfe246,ga,"{""constraint_relaxation_strategy"": ""feasibility_restoration"", ""globalization_mechanism"": ""LS"", ""globalization_strategy"": ""fletcher_filter_method"", ""hessian_model"": ""exact"", ""inequality_handling_method"": ""interior_point"", ""inertia_correction_strategy"": ""primal""}",425,359,0.844706,49.8841,0.861566,"{""solved"": 359, ""unsolved"": 66}"
custom,84e32167c9aa,ga,"{""constraint_relaxation_strategy"": ""feasibility_restoration"", ""globalization_mechanism"": ""LS"", ""globalization_strategy"": ""fletcher_filter_method"", ""hessian_model"": ""LSR1"", ""inequality_handling_method"": ""interior_point"", ""inertia_correction_strategy"": ""primal_dual""}",425,144,0.338824,104.5915,0.338824,"{""unsolved"": 281, ""solved"": 144}"
custom,cbae3f27518a,ga,"{""constraint_relaxation_strategy"": ""feasibility_restoration"", ""globalization_mechanism"": ""TR"", ""globalization_strategy"": ""merit_function"", ""hessian_model"": ""exact"", ""inequality_handling_method"": ""interior_point"", ""inertia_correction_strategy"": ""primal""}",425,158,0.371765,99.5747,0.371765,"{""unsolved"": 265, ""solved"": 158, ""crash"": 1, ""timeout"": 1}"
custom,aeb82fbe9980,ga,"{""constraint_relaxation_strategy"": ""feasibility_restoration"", ""globalization_mechanism"": ""LS"", ""globalization_strategy"": ""funnel_method"", ""hessian_model"": ""zero"", ""inequality_handling_method"": ""inequality_constrained"", ""inertia_correction_strategy"": ""none""}",425,96,0.225882,68.7183,0.225882,"{""unsolved"": 329, ""solved"": 96}"
custom,b260ae80a9ee,ga,"{""constraint_relaxation_strategy"": ""feasibility_restoration"", ""globalization_mechanism"": ""TR"", ""globalization_strategy"": ""waechter_filter_method"", ""hessian_model"": ""LSR1"", ""inequality_handling_method"": ""interior_point"", ""inertia_correction_strategy"": ""primal_dual""}",425,0,0.000000,10.5785,0.082369,"{""unsolved"": 425}"
custom,6659be54e2c3,ga,"{""constraint_relaxation_strategy"": ""feasibility_restoration"", ""globalization_mechanism"": ""TR"", ""globalization_strategy"": ""fletcher_filter_method"", ""hessian_model"": ""LBFGS"", ""inequality_handling_method"": ""interior_point"", ""inertia_correction_strategy"": ""primal_dual""}",425,142,0.334118,706.3573,0.334118,"{""unsolved"": 261, ""solved"": 142, ""timeout"": 22}"
custom,e49d5ccee800,ga,"{""constraint_relaxation_strategy"": ""feasibility_restoration"", ""globalization_mechanism"": ""TR"", ""globalization_strategy"": ""waechter_filter_method"", ""hessian_model"": ""identity"", ""inequality_handling_method"": ""interior_point"", ""inertia_correction_strategy"": ""primal""}",425,76,0.178824,1195.1912,0.178824,"{""unsolved"": 311, ""solved"": 76, ""timeout"": 38}"
custom,0a4bcadbba00,ga,"{""constraint_relaxation_strategy"": ""feasibility_restoration"", ""globalization_mechanism"": ""TR"", ""globalization_strategy"": ""funnel_method"", ""hessian_model"": ""LSR1"", ""inequality_handling_method"": ""interior_point"", ""inertia_correction_strategy"": ""primal_dual""}",425,0,0.000000,13.8039,0.076994,"{""unsolved"": 425}"
custom,64000308eb40,ga,"{""constraint_relaxation_strategy"": ""feasibility_restoration"", ""globalization_mechanism"": ""LS"", ""globalization_strategy"": ""fletcher_filter_method"", ""hessian_model"": ""identity"", ""inequality_handling_method"": ""inequality_constrained"", ""inertia_correction_strategy"": ""none""}",425,253,0.595294,135.8517,0.595294,"{""unsolved"": 171, ""solved"": 253, ""timeout"": 1}"
custom,54b23b636c9b,ga,"{""constraint_relaxation_strategy"": ""feasibility_restoration"", ""globalization_mechanism"": ""LS"", ""globalization_strategy"": ""merit_function"", ""hessian_model"": ""zero"", ""inequality_handling_method"": ""interior_point"", ""inertia_correction_strategy"": ""primal_dual""}",425,83,0.195294,133.7867,0.195294,"{""unsolved"": 342, ""solved"": 83}"
custom,533b9abe053d,ga,"{""constraint_relaxation_strategy"": ""feasibility_restoration"", ""globalization_mechanism"": ""LS"", ""globalization_strategy"": ""fletcher_filter_method"", ""hessian_model"": ""LBFGS"", ""inequality_handling_method"": ""inequality_constrained"", ""inertia_correction_strategy"": ""primal""}",425,363,0.854118,68.1061,0.854118,"{""unsolved"": 61, ""solved"": 363, ""timeout"": 1}"
custom,b2c490521be2,ga,"{""constraint_relaxation_strategy"": ""feasibility_restoration"", ""globalization_mechanism"": ""LS"", ""globalization_strategy"": ""merit_function"", ""hessian_model"": ""zero"", ""inequality_handling_method"": ""interior_point"", ""inertia_correction_strategy"": ""primal""}",425,100,0.235294,196.9670,0.235294,"{""unsolved"": 325, ""solved"": 100}"
custom,b868bd885a7d,ga,"{""constraint_relaxation_strategy"": ""feasibility_restoration"", ""globalization_mechanism"": ""LS"", ""globalization_strategy"": ""waechter_filter_method"", ""hessian_model"": ""identity"", ""inequality_handling_method"": ""inequality_constrained"", ""inertia_correction_strategy"": ""primal_dual""}",425,239,0.562353,128.1118,0.562353,"{""unsolved"": 185, ""solved"": 239, ""timeout"": 1}"
custom,c3ab76501048,ga,"{""constraint_relaxation_strategy"": ""feasibility_restoration"", ""globalization_mechanism"": ""TR"", ""globalization_strategy"": ""funnel_method"", ""hessian_model"": ""zero"", ""inequality_handling_method"": ""interior_point"", ""inertia_correction_strategy"": ""primal""}",425,67,0.157647,239.7486,0.157647,"{""unsolved"": 353, ""solved"": 67, ""timeout"": 5}"
custom,c451c8d6f00c,ga,"{""constraint_relaxation_strategy"": ""feasibility_restoration"", ""globalization_mechanism"": ""LS"", ""globalization_strategy"": ""fletcher_filter_method"", ""hessian_model"": ""identity"", ""inequality_handling_method"": ""inequality_constrained"", ""inertia_correction_strategy"": ""primal_dual""}",425,242,0.569412,124.9913,0.569412,"{""unsolved"": 182, ""solved"": 242, ""timeout"": 1}"
custom,6c977c104c9f,ga,"{""constraint_relaxation_strategy"": ""feasibility_restoration"", ""globalization_mechanism"": ""LS"", ""globalization_strategy"": ""merit_function"", ""hessian_model"": ""LBFGS"", ""inequality_handling_method"": ""inequality_constrained"", ""inertia_correction_strategy"": ""primal""}",425,314,0.738824,88.8356,0.738824,"{""unsolved"": 110, ""solved"": 314, ""timeout"": 1}"
custom,cb1fa2c81754,ga,"{""constraint_relaxation_strategy"": ""feasibility_restoration"", ""globalization_mechanism"": ""TR"", ""globalization_strategy"": ""fletcher_filter_method"", ""hessian_model"": ""LSR1"", ""inequality_handling_method"": ""interior_point"", ""inertia_correction_strategy"": ""primal""}",425,3,0.007059,45.2823,0.031588,"{""unsolved"": 421, ""solved"": 3, ""timeout"": 1}"
custom,67963ebc66d5,ga,"{""constraint_relaxation_strategy"": ""feasibility_restoration"", ""globalization_mechanism"": ""LS"", ""globalization_strategy"": ""funnel_method"", ""hessian_model"": ""LSR1"", ""inequality_handling_method"": ""interior_point"", ""inertia_correction_strategy"": ""primal""}",425,153,0.360000,129.3590,0.360000,"{""unsolved"": 272, ""solved"": 153}"
custom,a88fadf46b91,ga,"{""constraint_relaxation_strategy"": ""feasibility_restoration"", ""globalization_mechanism"": ""LS"", ""globalization_strategy"": ""funnel_method"", ""hessian_model"": ""zero"", ""inequality_handling_method"": ""interior_point"", ""inertia_correction_strategy"": ""primal_dual""}",425,105,0.247059,121.5739,0.247059,"{""unsolved"": 320, ""solved"": 105}"
custom,faa3a08c25cf,ga,"{""constraint_relaxation_strategy"": ""feasibility_restoration"", ""globalization_mechanism"": ""LS"", ""globalization_strategy"": ""funnel_method"", ""hessian_model"": ""identity"", ""inequality_handling_method"": ""inequality_constrained"", ""inertia_correction_strategy"": ""none""}",425,238,0.560000,125.8890,0.560000,"{""unsolved"": 186, ""solved"": 238, ""timeout"": 1}"
custom,788f6462ca99,ga,"{""constraint_relaxation_strategy"": ""feasibility_restoration"", ""globalization_mechanism"": ""LS"", ""globalization_strategy"": ""waechter_filter_method"", ""hessian_model"": ""zero"", ""inequality_handling_method"": ""inequality_constrained"", ""inertia_correction_strategy"": ""primal""}",425,155,0.364706,221.4380,0.364706,"{""unsolved"": 269, ""solved"": 155, ""timeout"": 1}"
custom,7036f996bccf,ga,"{""constraint_relaxation_strategy"": ""feasibility_restoration"", ""globalization_mechanism"": ""LS"", ""globalization_strategy"": ""fletcher_filter_method"", ""hessian_model"": ""zero"", ""inequality_handling_method"": ""inequality_constrained"", ""inertia_correction_strategy"": ""primal""}",425,151,0.355294,234.4874,0.355294,"{""unsolved"": 273, ""solved"": 151, ""timeout"": 1}"
custom,77336cc97422,ga,"{""constraint_relaxation_strategy"": ""feasibility_restoration"", ""globalization_mechanism"": ""TR"", ""globalization_strategy"": ""fletcher_filter_method"", ""hessian_model"": ""LSR1"", ""inequality_handling_method"": ""interior_point"", ""inertia_correction_strategy"": ""primal_dual""}",425,0,0.000000,12.5876,0.079021,"{""unsolved"": 425}"
custom,bec2df3e7a25,ga,"{""constraint_relaxation_strategy"": ""feasibility_restoration"", ""globalization_mechanism"": ""TR"", ""globalization_strategy"": ""funnel_method"", ""hessian_model"": ""exact"", ""inequality_handling_method"": ""interior_point"", ""inertia_correction_strategy"": ""primal""}",425,169,0.397647,339.2593,0.397647,"{""unsolved"": 246, ""solved"": 169, ""timeout"": 9, ""crash"": 1}"
custom,83dbbabb9fa9,ga,"{""constraint_relaxation_strategy"": ""feasibility_restoration"", ""globalization_mechanism"": ""TR"", ""globalization_strategy"": ""merit_function"", ""hessian_model"": ""zero"", ""inequality_handling_method"": ""interior_point"", ""inertia_correction_strategy"": ""primal_dual""}",425,0,0.000000,14.8854,0.075191,"{""unsolved"": 425}"
custom,e0bcafeef8e1,ga,"{""constraint_relaxation_strategy"": ""feasibility_restoration"", ""globalization_mechanism"": ""TR"", ""globalization_strategy"": ""waechter_filter_method"", ""hessian_model"": ""LSR1"", ""inequality_handling_method"": ""inequality_constrained"", ""inertia_correction_strategy"": ""primal""}",425,14,0.032941,11.5954,0.113615,"{""unsolved"": 411, ""solved"": 14}"
custom,4531f5f9c344,ga,"{""constraint_relaxation_strategy"": ""feasibility_restoration"", ""globalization_mechanism"": ""TR"", ""globalization_strategy"": ""waechter_filter_method"", ""hessian_model"": ""LBFGS"", ""inequality_handling_method"": ""interior_point"", ""inertia_correction_strategy"": ""none""}",425,147,0.345882,824.0145,0.345882,"{""unsolved"": 252, ""solved"": 147, ""timeout"": 26}"
custom,643141e7bd3a,ga,"{""constraint_relaxation_strategy"": ""feasibility_restoration"", ""globalization_mechanism"": ""TR"", ""globalization_strategy"": ""waechter_filter_method"", ""hessian_model"": ""zero"", ""inequality_handling_method"": ""inequality_constrained"", ""inertia_correction_strategy"": ""primal_dual""}",425,0,0.000000,15.3563,0.074406,"{""unsolved"": 425}"
custom,1cbd117fa158,ga,"{""constraint_relaxation_strategy"": ""feasibility_restoration"", ""globalization_mechanism"": ""TR"", ""globalization_strategy"": ""merit_function"", ""hessian_model"": ""LSR1"", ""inequality_handling_method"": ""inequality_constrained"", ""inertia_correction_strategy"": ""none""}",425,291,0.684706,101.5498,0.684706,"{""unsolved"": 133, ""solved"": 291, ""timeout"": 1}"
custom,ec38dc30f879,ga,"{""constraint_relaxation_strategy"": ""feasibility_restoration"", ""globalization_mechanism"": ""TR"", ""globalization_strategy"": ""merit_function"", ""hessian_model"": ""LBFGS"", ""inequality_handling_method"": ""inequality_constrained"", ""inertia_correction_strategy"": ""primal_dual""}",425,327,0.769412,65.2675,0.769412,"{""unsolved"": 97, ""solved"": 327, ""timeout"": 1}"
custom,4159f070eaec,ga,"{""constraint_relaxation_strategy"": ""feasibility_restoration"", ""globalization_mechanism"": ""LS"", ""globalization_strategy"": ""funnel_method"", ""hessian_model"": ""zero"", ""inequality_handling_method"": ""inequality_constrained"", ""inertia_correction_strategy"": ""primal_dual""}",425,26,0.061176,16.3939,0.133853,"{""unsolved"": 399, ""solved"": 26}"
custom,0dbdeea2e419,ga,"{""constraint_relaxation_strategy"": ""feasibility_restoration"", ""globalization_mechanism"": ""TR"", ""globalization_strategy"": ""waechter_filter_method"", ""hessian_model"": ""LSR1"", ""inequality_handling_method"": ""inequality_constrained"", ""inertia_correction_strategy"": ""primal_dual""}",425,0,0.000000,11.4092,0.080985,"{""unsolved"": 425}"
custom,ac8f1f2289c3,ga,"{""constraint_relaxation_strategy"": ""feasibility_restoration"", ""globalization_mechanism"": ""TR"", ""globalization_strategy"": ""merit_function"", ""hessian_model"": ""LBFGS"", ""inequality_handling_method"": ""inequality_constrained"", ""inertia_correction_strategy"": ""none""}",425,341,0.802353,63.9844,0.802353,"{""unsolved"": 83, ""solved"": 341, ""timeout"": 1}"
custom,069098bdbf35,ga,"{""constraint_relaxation_strategy"": ""feasibility_restoration"", ""globalization_mechanism"": ""LS"", ""globalization_strategy"": ""waechter_filter_method"", ""hessian_model"": ""exact"", ""inequality_handling_method"": ""interior_point"", ""inertia_correction_strategy"": ""primal""}",425,364,0.856471,46.9363,0.878243,"{""solved"": 364, ""unsolved"": 61}"
custom,e6c14c5db212,ga,"{""constraint_relaxation_strategy"": ""feasibility_restoration"", ""globalization_mechanism"": ""TR"", ""globalization_strategy"": ""fletcher_filter_method"", ""hessian_model"": ""LSR1"", ""inequality_handling_method"": ""inequality_constrained"", ""inertia_correction_strategy"": ""none""}",425,312,0.734118,86.6129,0.734118,"{""unsolved"": 112, ""solved"": 312, ""timeout"": 1}"
custom,757a6624b860,ga,"{""constraint_relaxation_strategy"": ""feasibility_restoration"", ""globalization_mechanism"": ""LS"", ""globalization_strategy"": ""waechter_filter_method"", ""hessian_model"": ""LBFGS"", ""inequality_handling_method"": ""interior_point"", ""inertia_correction_strategy"": ""primal_dual""}",425,334,0.785882,53.0624,0.797445,"{""unsolved"": 91, ""solved"": 334}"
custom,6d07695473bc,ga,"{""constraint_relaxation_strategy"": ""feasibility_restoration"", ""globalization_mechanism"": ""LS"", ""globalization_strategy"": ""waechter_filter_method"", ""hessian_model"": ""LSR1"", ""inequality_handling_method"": ""inequality_constrained"", ""inertia_correction_strategy"": ""none""}",425,211,0.496471,103.1602,0.496471,"{""unsolved"": 213, ""solved"": 211, ""timeout"": 1}"
custom,2cddf20353ef,ga,"{""constraint_relaxation_strategy"": ""feasibility_restoration"", ""globalization_mechanism"": ""LS"", ""globalization_strategy"": ""funnel_method"", ""hessian_model"": ""identity"", ""inequality_handling_method"": ""inequality_constrained"", ""inertia_correction_strategy"": ""primal_dual""}",425,227,0.534118,128.0217,0.534118,"{""unsolved"": 197, ""solved"": 227, ""timeout"": 1}"
custom,0d9f46e48939,ga,"{""constraint_relaxation_strategy"": ""feasibility_restoration"", ""globalization_mechanism"": ""LS"", ""globalization_strategy"": ""waechter_filter_method"", ""hessian_model"": ""LSR1"", ""inequality_handling_method"": ""inequality_constrained"", ""inertia_correction_strategy"": ""primal_dual""}",425,37,0.087059,39.2205,0.121691,"{""unsolved"": 388, ""solved"": 37}"
custom,ad6448676ca2,ga,"{""constraint_relaxation_strategy"": ""feasibility_restoration"", ""globalization_mechanism"": ""LS"", ""globalization_strategy"": ""funnel_method"", ""hessian_model"": ""zero"", ""inequality_handling_method"": ""interior_point"", ""inertia_correction_strategy"": ""none""}",425,86,0.202353,105.7448,0.202353,"{""unsolved"": 339, ""solved"": 86}"
custom,e03d7f3c2cc3,ga,"{""constraint_relaxation_strategy"": ""feasibility_restoration"", ""globalization_mechanism"": ""TR"", ""globalization_strategy"": ""fletcher_filter_method"", ""hessian_model"": ""LBFGS"", ""inequality_handling_method"": ""interior_point"", ""inertia_correction_strategy"": ""primal""}",425,145,0.341176,735.7032,0.341176,"{""unsolved"": 257, ""solved"": 145, ""timeout"": 23}"
custom,2b0e2b688ccd,ga,"{""constraint_relaxation_strategy"": ""feasibility_restoration"", ""globalization_mechanism"": ""TR"", ""globalization_strategy"": ""funnel_method"", ""hessian_model"": ""zero"", ""inequality_handling_method"": ""interior_point"", ""inertia_correction_strategy"": ""primal_dual""}",425,0,0.000000,14.4998,0.075834,"{""unsolved"": 425}"
custom,7a1c83c98974,ga,"{""constraint_relaxation_strategy"": ""feasibility_restoration"", ""globalization_mechanism"": ""TR"", ""globalization_strategy"": ""fletcher_filter_method"", ""hessian_model"": ""exact"", ""inequality_handling_method"": ""interior_point"", ""inertia_correction_strategy"": ""primal_dual""}",425,0,0.000000,12.1996,0.079667,"{""unsolved"": 425}"
custom,20ef33f53bd8,ga,"{""constraint_relaxation_strategy"": ""feasibility_restoration"", ""globalization_mechanism"": ""TR"", ""globalization_strategy"": ""fletcher_filter_method"", ""hessian_model"": ""LBFGS"", ""inequality_handling_method"": ""interior_point"", ""inertia_correction_strategy"": ""none""}",425,145,0.341176,712.1656,0.341176,"{""unsolved"": 258, ""solved"": 145, ""timeout"": 22}"
custom,36df947d34de,ga,"{""constraint_relaxation_strategy"": ""feasibility_restoration"", ""globalization_mechanism"": ""LS"", ""globalization_strategy"": ""fletcher_filter_method"", ""hessian_model"": ""LBFGS"", ""inequality_handling_method"": ""interior_point"", ""inertia_correction_strategy"": ""primal""}",425,325,0.764706,69.3715,0.764706,"{""unsolved"": 100, ""solved"": 325}"
custom,84665f2e98b8,ga,"{""constraint_relaxation_strategy"": ""feasibility_restoration"", ""globalization_mechanism"": ""LS"", ""globalization_strategy"": ""waechter_filter_method"", ""hessian_model"": ""zero"", ""inequality_handling_method"": ""interior_point"", ""inertia_correction_strategy"": ""none""}",425,80,0.188235,122.3924,0.188235,"{""unsolved"": 345, ""solved"": 80}"
custom,501821428a13,ga,"{""constraint_relaxation_strategy"": ""feasibility_restoration"", ""globalization_mechanism"": ""TR"", ""globalization_strategy"": ""fletcher_filter_method"", ""hessian_model"": ""LBFGS"", ""inequality_handling_method"": ""inequality_constrained"", ""inertia_correction_strategy"": ""primal""}",425,367,0.863529,68.2508,0.863529,"{""unsolved"": 57, ""solved"": 367, ""timeout"": 1}"
custom,a6ca4702a300,ga,"{""constraint_relaxation_strategy"": ""feasibility_restoration"", ""globalization_mechanism"": ""LS"", ""globalization_strategy"": ""waechter_filter_method"", ""hessian_model"": ""LBFGS"", ""inequality_handling_method"": ""inequality_constrained"", ""inertia_correction_strategy"": ""primal_dual""}",425,351,0.825882,75.2774,0.825882,"{""unsolved"": 73, ""solved"": 351, ""timeout"": 1}"
custom,d3fdb8a00da7,ga,"{""constraint_relaxation_strategy"": ""feasibility_restoration"", ""globalization_mechanism"": ""LS"", ""globalization_strategy"": ""funnel_method"", ""hessian_model"": ""zero"", ""inequality_handling_method"": ""inequality_constrained"", ""inertia_correction_strategy"": ""primal""}",425,139,0.327059,245.1809,0.327059,"{""unsolved"": 285, ""solved"": 139, ""timeout"": 1}"
custom,8d7367c001f3,ga,"{""constraint_relaxation_strategy"": ""feasibility_restoration"", ""globalization_mechanism"": ""TR"", ""globalization_strategy"": ""merit_function"", ""hessian_model"": ""LBFGS"", ""inequality_handling_method"": ""interior_point"", ""inertia_correction_strategy"": ""primal""}",425,133,0.312941,56.4657,0.318832,"{""unsolved"": 292, ""solved"": 133}"
custom,56c82fd3ad43,ga,"{""constraint_relaxation_strategy"": ""feasibility_restoration"", ""globalization_mechanism"": ""TR"", ""globalization_strategy"": ""merit_function"", ""hessian_model"": ""identity"", ""inequality_handling_method"": ""inequality_constrained"", ""inertia_correction_strategy"": ""primal""}",425,227,0.534118,98.9979,0.534118,"{""unsolved"": 197, ""solved"": 227, ""timeout"": 1}"
custom,db1211245054,ga,"{""constraint_relaxation_strategy"": ""feasibility_restoration"", ""globalization_mechanism"": ""TR"", ""globalization_strategy"": ""waechter_filter_method"", ""hessian_model"": ""identity"", ""inequality_handling_method"": ""interior_point"", ""inertia_correction_strategy"": ""none""}",425,76,0.178824,1189.4125,0.178824,"{""unsolved"": 311, ""solved"": 76, ""timeout"": 38}"
